web100_log_entry_connection_spec_local_ip,connection_spec_server_geolocation_city
184.105.23.88,Albert Lea
173.205.3.152,
66.198.10.152,Ashburn
64.86.148.152,New York
4.15.35.165,Carrollton
128.177.163.88,
64.86.200.203,Atlanta
128.177.109.139,Louisville
128.177.163.101,Louisville
173.205.0.229,San Francisco
2001:438:fffd:2b::203,
128.177.109.203,
128.177.109.165,Louisville
65.46.46.152,Fort Collins
63.243.240.75,Los Angeles
4.35.94.37,High Bridge
216.156.85.229,Oakland
70.42.177.75,Atlanta
66.110.73.24,Miami
4.71.157.152,
128.177.109.37,Louisville
70.42.244.101,
173.205.3.139,
128.177.163.24,Louisville
63.251.44.203,Dallas
64.74.15.216,
173.205.3.203,
128.177.163.75,Louisville
128.177.109.24,Louisville
2001:4f8:1:1001::101,
64.3.225.75,Taylor
38.112.151.101,
216.156.197.165,
173.205.4.88,
63.243.224.24,Seattle
128.177.109.152,Louisville
208.177.76.88,
38.90.140.165,Washington
4.15.166.24,Anaheim
66.110.73.11,Miami
66.151.223.152,New York
64.74.15.229,
38.102.0.109,Seattle
173.205.3.88,
128.177.119.203,
64.9.225.167,Mountain View
173.205.4.24,
216.156.85.216,Oakland
184.105.23.75,Albert Lea
66.198.10.165,Ashburn
4.71.157.139,
4.15.166.37,Anaheim
4.71.254.160,Duluth
38.90.140.139,Washington
128.177.163.75,
4.35.238.229,Bethesda
66.198.10.139,Ashburn
2001:438:fffd:2b::229,
64.86.200.216,Atlanta
38.65.210.216,
128.177.109.11,
63.243.240.88,Los Angeles
173.205.4.11,
128.177.109.101,Louisville
38.102.0.83,Bellevue
173.205.4.75,
128.177.119.229,
128.177.109.101,
2001:4f8:1:1001::88,
4.15.166.11,Anaheim
128.177.109.88,Louisville
128.177.119.216,Louisville
4.71.210.224,Miami
63.243.240.101,Los Angeles
184.105.23.101,Albert Lea
38.106.70.147,New York
66.110.32.75,San Jose
70.42.244.88,
63.243.224.37,Seattle
63.243.224.11,Seattle
64.86.148.139,New York
128.177.109.229,
128.177.109.216,
128.177.109.24,
65.46.46.165,Fort Collins
64.86.200.229,Atlanta
128.177.163.11,
2001:438:fffd:2b::216,
64.3.225.88,Taylor
38.106.70.147,
4.71.254.147,
38.90.140.152,Washington
66.198.24.88,Chicago
128.177.163.37,Louisville
38.107.216.32,Peoria
64.86.132.101,Dallas
70.42.177.101,Atlanta
74.63.50.47,New York
64.86.132.75,Dallas
128.177.109.165,
4.34.58.37,Denver
67.106.215.203,Decatur
128.177.109.88,
4.71.251.173,Duluth
4.71.251.160,
173.205.3.11,
173.205.0.203,San Francisco
2001:4f8:1:1001::75,Redwood City
66.110.32.101,San Jose
173.205.3.165,
4.34.58.11,Denver
208.177.76.101,
38.98.51.45,Los Angeles
128.177.109.203,Louisville
216.156.197.152,
64.3.225.101,Taylor
149.20.5.88,Redwood City
128.177.109.152,
38.109.21.24,
216.156.197.139,
128.177.109.11,Louisville
66.198.24.75,Chicago
4.35.238.216,Bethesda
4.15.35.139,Carrollton
128.177.163.11,Louisville
208.177.76.75,
38.98.51.20,Los Angeles
38.107.216.45,Peoria
128.177.163.24,
128.177.109.229,Louisville
38.107.216.17,Peoria
149.20.5.101,Redwood City
38.65.210.203,
173.205.0.216,San Francisco
38.109.21.37,
4.71.254.173,
173.205.4.101,
4.35.94.24,High Bridge
74.63.50.19,New York
173.205.3.101,
38.65.210.229,
4.71.157.165,
38.102.0.83,Seattle
2001:4f8:1:1001::75,
38.112.151.88,
2001:550:6800::20,
65.46.46.139,Fort Collins
64.86.132.88,Dallas
66.110.32.88,San Jose
4.15.35.152,Carrollton
38.112.151.75,
38.98.51.33,Los Angeles
38.106.70.173,
173.205.4.37,
128.177.109.75,
128.177.119.229,Louisville
74.63.50.32,New York
38.102.163.139,
66.110.73.37,Miami
4.35.94.11,High Bridge
38.102.0.109,Bellevue
128.177.119.203,Louisville
64.9.225.141,Mountain View
38.102.163.152,
64.86.148.165,New York
173.205.3.37,
173.205.3.24,
4.71.251.147,Duluth
66.151.223.139,New York
38.109.21.11,
4.71.251.160,Duluth
67.106.215.229,Decatur
128.177.163.101,
128.177.109.216,Louisville
70.42.177.88,Atlanta
128.177.119.216,
63.251.44.229,Dallas
173.205.3.75,
70.42.244.75,
173.205.3.229,
128.177.163.37,
38.102.163.165,
38.106.70.160,
4.71.254.173,Duluth
128.177.109.37,
149.20.5.75,Redwood City
128.177.163.88,Louisville
4.71.210.211,Miami
4.71.254.147,Duluth
64.9.225.154,Mountain View
128.177.109.75,Louisville
66.151.223.165,New York
66.198.24.101,Chicago
128.177.109.139,
63.251.44.216,Dallas
4.71.251.147,
67.106.215.216,Decatur
4.35.238.203,Bethesda
64.74.15.203,
4.71.210.237,Miami
173.205.3.216,
216.156.85.203,Oakland
66.110.73.11,
2001:5a0:3801::11,
38.102.0.97,Bellevue
4.71.251.173,
4.34.58.24,Denver
